product_type,gb_limit,color,price,address
subscription,10,null,202,"Fausto vägen, Karlskrona"
subscription,10,null,991,"Emma allén, Malmö"
subscription,10,null,467,"Kirsten gränden, Karlskrona"
subscription,10,null,738,"Karlsson allén, Karlskrona"
subscription,10,null,99,"Eriksson allén, Stockholm"
subscription,10,null,599,"Olsson gatan, Stockholm"
subscription,10,null,74,"Karlsson allén, Stockholm"
subscription,10,null,445,"Delfina gränden, Karlskrona"
subscription,10,null,37,"Johansson gärdet, Stockholm"
subscription,10,null,738,"Johansson gatan, Stockholm"
subscription,10,null,300,"Allene gränden, Karlskrona"
subscription,10,null,102,"Rachelle gärdet, Karlskrona"
subscription,10,null,643,"Ludwig gärdet, Malmö"
subscription,10,null,809,"Camille gärdet, Stockholm"
subscription,10,null,208,"Persson allén, Malmö"
subscription,10,null,34,"Andersson allén, Malmö"
subscription,10,null,250,"Edmund gärdet, Stockholm"
subscription,10,null,527,"Ardella gärdet, Karlskrona"
subscription,10,null,784,"Persson vägen, Karlskrona"
subscription,10,null,699,"Gustafsson vägen, Malmö"
subscription,10,null,214,"Nilsson vägen, Malmö"
subscription,10,null,62,"Svensson allén, Stockholm"
subscription,10,null,951,"Nilsson gatan, Stockholm"
subscription,10,null,953,"Loyal vägen, Stockholm"
subscription,50,null,415,"Odell gatan, Stockholm"
subscription,50,null,178,"Karlsson allén, Karlskrona"
subscription,50,null,334,"Candido gränden, Malmö"
subscription,50,null,676,"Nilsson gatan, Stockholm"
subscription,50,null,869,"Flo vägen, Stockholm"
subscription,50,null,476,"Johansson gatan, Malmö"
subscription,50,null,431,"Margarita allén, Malmö"
subscription,50,null,581,"Persson gränden, Karlskrona"
subscription,50,null,995,"Karlsson gatan, Stockholm"
subscription,50,null,636,"Alvina gränden, Stockholm"
subscription,50,null,739,"Karlsson gärdet, Stockholm"
subscription,50,null,578,"Madge allén, Stockholm"
subscription,50,null,204,"Karlsson allén, Stockholm"
subscription,50,null,584,"Amaya allén, Karlskrona"
subscription,50,null,774,"Nilsson gatan, Stockholm"
subscription,50,null,191,"Hazel allén, Malmö"
subscription,50,null,474,"Karlsson gärdet, Stockholm"
subscription,50,null,255,"Rosella gränden, Karlskrona"
subscription,50,null,342,"Lorna vägen, Stockholm"
subscription,50,null,800,"Olsson gatan, Karlskrona"
subscription,50,null,62,"Juston gärdet, Malmö"
subscription,50,null,497,"Johansson gatan, Karlskrona"
subscription,50,null,470,"Jasmin vägen, Stockholm"
subscription,50,null,971,"Noble gärdet, Malmö"
subscription,50,null,432,"Larsson allén, Karlskrona"
subscription,50,null,282,"Olsson gatan, Stockholm"
subscription,50,null,454,"Emmalee gränden, Malmö"
subscription,50,null,676,"Persson gärdet, Karlskrona"
subscription,50,null,837,"Tremaine vägen, Karlskrona"
subscription,50,null,227,"Cecil gränden, Malmö"
subscription,50,null,271,"Barney gränden, Malmö"
subscription,50,null,705,"Karlsson vägen, Stockholm"
subscription,50,null,130,"Karlsson gränden, Karlskrona"
subscription,50,null,592,"Donavon allén, Stockholm"
phone,null,grön,277,"Blake gränden, Karlskrona"
phone,null,purpur,130,"Gustafsson gärdet, Karlskrona"
phone,null,guld,271,"Nilsson allén, Stockholm"
phone,null,guld,45,"Gustafsson gärdet, Malmö"
phone,null,brun,380,"Svensson gatan, Stockholm"
phone,null,brun,17,"Eriksson vägen, Karlskrona"
phone,null,purpur,704,"Eriksson gatan, Malmö"
phone,null,brun,952,"Olsson allén, Malmö"
phone,null,rosa,705,"Larsson vägen, Malmö"
phone,null,indigo,345,"Glen allén, Stockholm"
phone,null,brun,677,"Granville vägen, Malmö"
phone,null,grå,708,"Jamie allén, Stockholm"
phone,null,röd,175,"Eriksson vägen, Malmö"
phone,null,grå,951,"Laurianne vägen, Malmö"
phone,null,rosa,955,"Karlsson allén, Malmö"
phone,null,rosa,475,"Karlsson vägen, Stockholm"
phone,null,vit,388,"Tyson gärdet, Karlskrona"
phone,null,silver,894,"Nilsson gränden, Karlskrona"
phone,null,vit,672,"Olsson allén, Stockholm"
phone,null,lila,272,"Millie vägen, Stockholm"
phone,null,silver,528,"Jaydon allén, Karlskrona"
phone,null,silver,749,"Nilsson gärdet, Malmö"
phone,null,rosa,263,"Ezekiel gränden, Karlskrona"
phone,null,guld,670,"Persson gränden, Karlskrona"
phone,null,brun,58,"Karlsson gatan, Stockholm"
phone,null,rosa,264,"Esther gärdet, Karlskrona"
phone,null,grå,87,"Johansson vägen, Stockholm"
phone,null,guld,53,"Sheridan gränden, Karlskrona"
phone,null,grön,299,"Alberta gränden, Malmö"
phone,null,guld,546,"Zora gärdet, Stockholm"
phone,null,guld,49,"Patrick gatan, Stockholm"
phone,null,guld,967,"Svensson allén, Malmö"
phone,null,grön,415,"Hollis gränden, Stockholm"
phone,null,gul,172,"Winona gatan, Malmö"
phone,null,gul,224,"Johansson gatan, Malmö"
phone,null,silver,904,"Gustafsson gärdet, Malmö"
phone,null,grön,81,"Larsson vägen, Stockholm"
phone,null,silver,250,"Grady gatan, Karlskrona"
phone,null,grön,148,"Olsson vägen, Malmö"
phone,null,svart,26,"Persson gatan, Stockholm"
phone,null,grå,288,"Persson vägen, Malmö"
phone,null,silver,474,"Caesar gatan, Stockholm"
phone,null,black,500,"Cochin, India"